person_id,gender,gender_concept_id,year_of_birth,age_at_enroll
1,Female,8532,1971,53
2,Female,8532,1963,61
3,Male,8507,1955,69
4,Female,8532,1987,37
5,Male,8507,1955,69
6,Male,8507,1970,54
7,Female,8532,1991,33
8,Male,8507,1989,35
9,Female,8532,1965,59
10,Female,8532,1962,62
11,Female,8532,1967,57
12,Male,8507,1992,32
13,Male,8507,1949,75
14,Female,8532,1977,47
15,Female,8532,1970,54
16,Male,8507,1951,73
17,Female,8532,1994,30
18,Male,8507,1993,31
19,Male,8507,1961,63
20,Male,8507,1952,72
21,Female,8532,1987,37
22,Female,8532,1978,46
23,Female,8532,1993,31
24,Male,8507,1990,34
25,Female,8532,1972,52
26,Female,8532,1953,71
27,Female,8532,1969,55
28,Male,8507,1949,75
29,Male,8507,1947,77
30,Male,8507,1950,74
31,Male,8507,1965,59
32,Male,8507,1959,65
33,Male,8507,1990,34
34,Male,8507,1982,42
35,Female,8532,1977,47
36,Male,8507,1978,46
37,Male,8507,1970,54
38,Female,8532,1965,59
39,Female,8532,1951,73
40,Male,8507,1969,55
41,Male,8507,1985,39
42,Female,8532,1986,38
43,Male,8507,1974,50
44,Female,8532,1966,58
45,Female,8532,1982,42
46,Female,8532,1948,76
47,Male,8507,1985,39
48,Female,8532,1952,72
49,Male,8507,1961,63
50,Male,8507,1993,31
51,Female,8532,1979,45
52,Male,8507,1965,59
53,Male,8507,1976,48
54,Female,8532,1965,59
55,Male,8507,1993,31
56,Male,8507,1994,30
57,Male,8507,1955,69
58,Male,8507,1973,51
59,Male,8507,1952,72
60,Female,8532,1952,72
61,Female,8532,1988,36
62,Female,8532,1984,40
63,Female,8532,1979,45
64,Female,8532,1988,36
65,Female,8532,1968,56
66,Female,8532,1994,30
67,Male,8507,1955,69
68,Male,8507,1968,56
69,Female,8532,1978,46
70,Male,8507,1955,69
71,Male,8507,1981,43
72,Male,8507,1990,34
73,Female,8532,1985,39
74,Male,8507,1958,66
75,Female,8532,1959,65
76,Male,8507,1989,35
77,Female,8532,1966,58
78,Female,8532,1969,55
79,Female,8532,1988,36
80,Female,8532,1956,68
81,Female,8532,1993,31
82,Male,8507,1965,59
83,Male,8507,1967,57
84,Female,8532,1970,54
85,Female,8532,1976,48
86,Male,8507,1984,40
87,Male,8507,1945,79
88,Male,8507,1947,77
89,Female,8532,1991,33
90,Male,8507,1947,77
91,Male,8507,1989,35
92,Male,8507,1972,52
93,Male,8507,1972,52
94,Female,8532,1988,36
95,Male,8507,1959,65
96,Female,8532,1974,50
97,Female,8532,1958,66
98,Female,8532,1993,31
99,Male,8507,1948,76
100,Male,8507,1973,51
101,Female,8532,1958,66
102,Female,8532,1969,55
103,Male,8507,1958,66
104,Male,8507,1987,37
105,Female,8532,1949,75
106,Female,8532,1956,68
107,Male,8507,1965,59
108,Male,8507,1968,56
109,Female,8532,1962,62
110,Male,8507,1976,48
111,Male,8507,1961,63
112,Female,8532,1949,75
113,Female,8532,1987,37
114,Male,8507,1959,65
115,Male,8507,1988,36
116,Male,8507,1975,49
117,Female,8532,1964,60
118,Female,8532,1990,34
119,Female,8532,1992,32
120,Male,8507,1992,32
121,Female,8532,1964,60
122,Female,8532,1984,40
123,Female,8532,1981,43
124,Female,8532,1976,48
125,Male,8507,1946,78
126,Female,8532,1964,60
127,Female,8532,1985,39
128,Female,8532,1985,39
129,Male,8507,1951,73
130,Female,8532,1952,72
131,Female,8532,1964,60
132,Female,8532,1953,71
133,Female,8532,1984,40
134,Male,8507,1946,78
135,Female,8532,1958,66
136,Female,8532,1990,34
137,Male,8507,1960,64
138,Female,8532,1945,79
139,Female,8532,1977,47
140,Female,8532,1945,79
141,Male,8507,1978,46
142,Male,8507,1970,54
143,Female,8532,1984,40
144,Female,8532,1952,72
145,Male,8507,1965,59
146,Male,8507,1960,64
147,Female,8532,1946,78
148,Male,8507,1985,39
149,Male,8507,1971,53
150,Male,8507,1964,60
151,Male,8507,1946,78
152,Female,8532,1983,41
153,Male,8507,1993,31
154,Female,8532,1994,30
155,Male,8507,1945,79
156,Male,8507,1988,36
157,Male,8507,1967,57
158,Male,8507,1959,65
159,Female,8532,1964,60
160,Female,8532,1969,55
161,Male,8507,1966,58
162,Male,8507,1973,51
163,Male,8507,1984,40
164,Male,8507,1971,53
165,Female,8532,1969,55
166,Female,8532,1961,63
167,Female,8532,1967,57
168,Male,8507,1946,78
169,Female,8532,1982,42
170,Male,8507,1981,43
171,Female,8532,1986,38
172,Female,8532,1982,42
173,Female,8532,1959,65
174,Female,8532,1981,43
175,Male,8507,1978,46
176,Male,8507,1984,40
177,Male,8507,1960,64
178,Female,8532,1991,33
179,Male,8507,1990,34
180,Female,8532,1959,65
181,Female,8532,1945,79
182,Female,8532,1968,56
183,Male,8507,1979,45
184,Male,8507,1992,32
185,Male,8507,1988,36
186,Female,8532,1994,30
187,Female,8532,1978,46
188,Female,8532,1977,47
189,Female,8532,1985,39
190,Female,8532,1960,64
191,Male,8507,1975,49
192,Male,8507,1990,34
193,Female,8532,1987,37
194,Female,8532,1958,66
195,Female,8532,1986,38
196,Male,8507,1973,51
197,Female,8532,1947,77
198,Female,8532,1992,32
199,Male,8507,1946,78
200,Male,8507,1982,42
201,Male,8507,1963,61
202,Female,8532,1954,70
203,Female,8532,1970,54
204,Female,8532,1982,42
205,Female,8532,1949,75
206,Female,8532,1987,37
207,Male,8507,1987,37
208,Male,8507,1984,40
209,Male,8507,1991,33
210,Male,8507,1953,71
211,Male,8507,1956,68
212,Male,8507,1973,51
213,Male,8507,1993,31
214,Female,8532,1962,62
215,Male,8507,1956,68
216,Male,8507,1975,49
217,Female,8532,1957,67
218,Female,8532,1950,74
219,Male,8507,1978,46
220,Female,8532,1990,34
221,Male,8507,1960,64
222,Female,8532,1962,62
223,Male,8507,1981,43
224,Male,8507,1970,54
225,Female,8532,1954,70
226,Male,8507,1966,58
227,Male,8507,1966,58
228,Female,8532,1949,75
229,Female,8532,1993,31
230,Female,8532,1953,71
231,Male,8507,1946,78
232,Female,8532,1979,45
233,Female,8532,1949,75
234,Male,8507,1980,44
235,Female,8532,1979,45
236,Female,8532,1951,73
237,Female,8532,1951,73
238,Female,8532,1954,70
239,Male,8507,1991,33
240,Male,8507,1990,34
241,Male,8507,1948,76
242,Male,8507,1951,73
243,Male,8507,1966,58
244,Female,8532,1955,69
245,Male,8507,1960,64
246,Female,8532,1949,75
247,Male,8507,1957,67
248,Female,8532,1970,54
249,Female,8532,1972,52
250,Female,8532,1984,40
251,Female,8532,1989,35
252,Female,8532,1982,42
253,Male,8507,1953,71
254,Female,8532,1953,71
255,Male,8507,1986,38
256,Male,8507,1991,33
257,Female,8532,1971,53
258,Male,8507,1945,79
259,Male,8507,1966,58
260,Male,8507,1955,69
261,Male,8507,1957,67
262,Male,8507,1966,58
263,Male,8507,1984,40
264,Male,8507,1965,59
265,Female,8532,1980,44
266,Male,8507,1983,41
267,Female,8532,1963,61
268,Male,8507,1985,39
269,Male,8507,1964,60
270,Male,8507,1948,76
271,Female,8532,1974,50
272,Male,8507,1981,43
273,Female,8532,1993,31
274,Female,8532,1950,74
275,Male,8507,1965,59
276,Female,8532,1958,66
277,Male,8507,1956,68
278,Female,8532,1953,71
279,Male,8507,1947,77
280,Male,8507,1964,60
281,Male,8507,1953,71
282,Male,8507,1979,45
283,Female,8532,1979,45
284,Female,8532,1986,38
285,Female,8532,1964,60
286,Female,8532,1955,69
287,Female,8532,1989,35
288,Male,8507,1956,68
289,Male,8507,1973,51
290,Male,8507,1962,62
291,Male,8507,1985,39
292,Female,8532,1963,61
293,Female,8532,1969,55
294,Female,8532,1970,54
295,Male,8507,1953,71
296,Male,8507,1959,65
297,Male,8507,1972,52
298,Male,8507,1976,48
299,Female,8532,1992,32
300,Male,8507,1981,43
301,Female,8532,1947,77
302,Male,8507,1969,55
303,Male,8507,1954,70
304,Female,8532,1969,55
305,Female,8532,1979,45
306,Female,8532,1975,49
307,Female,8532,1964,60
308,Male,8507,1948,76
309,Male,8507,1958,66
310,Male,8507,1956,68
311,Female,8532,1987,37
312,Female,8532,1962,62
313,Male,8507,1955,69
314,Male,8507,1958,66
315,Male,8507,1982,42
316,Female,8532,1961,63
317,Female,8532,1951,73
318,Male,8507,1963,61
319,Female,8532,1953,71
320,Female,8532,1981,43
321,Female,8532,1955,69
322,Female,8532,1988,36
323,Female,8532,1994,30
324,Male,8507,1986,38
325,Male,8507,1953,71
326,Female,8532,1984,40
327,Male,8507,1947,77
328,Female,8532,1982,42
329,Female,8532,1953,71
330,Male,8507,1963,61
331,Male,8507,1946,78
332,Female,8532,1972,52
333,Female,8532,1980,44
334,Male,8507,1947,77
335,Male,8507,1975,49
336,Female,8532,1980,44
337,Female,8532,1979,45
338,Female,8532,1947,77
339,Female,8532,1972,52
340,Male,8507,1948,76
341,Male,8507,1973,51
342,Female,8532,1949,75
343,Male,8507,1975,49
344,Male,8507,1953,71
345,Male,8507,1945,79
346,Male,8507,1951,73
347,Male,8507,1979,45
348,Female,8532,1970,54
349,Male,8507,1991,33
350,Female,8532,1979,45
351,Male,8507,1956,68
352,Female,8532,1972,52
353,Female,8532,1952,72
354,Male,8507,1989,35
355,Male,8507,1971,53
356,Female,8532,1993,31
357,Male,8507,1955,69
358,Female,8532,1985,39
359,Female,8532,1956,68
360,Female,8532,1963,61
361,Female,8532,1981,43
362,Female,8532,1969,55
363,Male,8507,1950,74
364,Male,8507,1963,61
365,Female,8532,1981,43
366,Male,8507,1972,52
367,Female,8532,1960,64
368,Female,8532,1984,40
369,Female,8532,1992,32
370,Female,8532,1972,52
371,Male,8507,1965,59
372,Male,8507,1989,35
373,Female,8532,1958,66
374,Female,8532,1945,79
375,Male,8507,1982,42
376,Male,8507,1947,77
377,Female,8532,1992,32
378,Male,8507,1976,48
379,Male,8507,1980,44
380,Female,8532,1993,31
381,Female,8532,1971,53
382,Female,8532,1951,73
383,Male,8507,1980,44
384,Male,8507,1971,53
385,Male,8507,1984,40
386,Female,8532,1972,52
387,Female,8532,1961,63
388,Male,8507,1946,78
389,Male,8507,1968,56
390,Female,8532,1985,39
391,Female,8532,1981,43
392,Female,8532,1956,68
393,Male,8507,1973,51
394,Female,8532,1958,66
395,Male,8507,1968,56
396,Female,8532,1973,51
397,Female,8532,1949,75
398,Female,8532,1948,76
399,Male,8507,1965,59
400,Female,8532,1946,78
401,Female,8532,1973,51
402,Male,8507,1966,58
403,Male,8507,1970,54
404,Male,8507,1987,37
405,Male,8507,1964,60
406,Male,8507,1974,50
407,Female,8532,1972,52
408,Male,8507,1957,67
409,Female,8532,1964,60
410,Male,8507,1969,55
411,Female,8532,1980,44
412,Female,8532,1955,69
413,Male,8507,1956,68
414,Male,8507,1980,44
415,Male,8507,1982,42
416,Female,8532,1955,69
417,Female,8532,1978,46
418,Female,8532,1953,71
419,Female,8532,1955,69
420,Female,8532,1961,63
421,Male,8507,1951,73
422,Female,8532,1967,57
423,Male,8507,1968,56
424,Male,8507,1959,65
425,Female,8532,1971,53
426,Female,8532,1979,45
427,Male,8507,1978,46
428,Female,8532,1974,50
429,Female,8532,1973,51
430,Male,8507,1979,45
431,Female,8532,1969,55
432,Female,8532,1983,41
433,Male,8507,1954,70
434,Female,8532,1990,34
435,Male,8507,1963,61
436,Female,8532,1975,49
437,Male,8507,1945,79
438,Female,8532,1976,48
439,Male,8507,1974,50
440,Female,8532,1956,68
441,Female,8532,1978,46
442,Female,8532,1959,65
443,Male,8507,1970,54
444,Female,8532,1974,50
445,Male,8507,1966,58
446,Female,8532,1984,40
447,Female,8532,1967,57
448,Female,8532,1980,44
449,Male,8507,1945,79
450,Female,8532,1979,45
451,Female,8532,1946,78
452,Male,8507,1950,74
453,Female,8532,1956,68
454,Male,8507,1951,73
455,Male,8507,1966,58
456,Female,8532,1946,78
457,Male,8507,1986,38
458,Female,8532,1984,40
459,Female,8532,1975,49
460,Male,8507,1946,78
461,Male,8507,1972,52
462,Male,8507,1969,55
463,Male,8507,1985,39
464,Male,8507,1993,31
465,Female,8532,1986,38
466,Female,8532,1971,53
467,Female,8532,1954,70
468,Male,8507,1950,74
469,Female,8532,1969,55
470,Female,8532,1948,76
471,Female,8532,1967,57
472,Male,8507,1954,70
473,Male,8507,1993,31
474,Male,8507,1988,36
475,Male,8507,1966,58
476,Female,8532,1947,77
477,Female,8532,1981,43
478,Male,8507,1978,46
479,Male,8507,1971,53
480,Male,8507,1976,48
481,Female,8532,1959,65
482,Female,8532,1986,38
483,Female,8532,1959,65
484,Male,8507,1947,77
485,Female,8532,1963,61
486,Male,8507,1991,33
487,Female,8532,1977,47
488,Male,8507,1973,51
489,Male,8507,1987,37
490,Female,8532,1978,46
491,Male,8507,1951,73
492,Female,8532,1989,35
493,Female,8532,1963,61
494,Female,8532,1950,74
495,Female,8532,1993,31
496,Male,8507,1969,55
497,Female,8532,1993,31
498,Male,8507,1951,73
499,Female,8532,1954,70
500,Female,8532,1962,62
501,Male,8507,1970,54
502,Male,8507,1964,60
503,Male,8507,1985,39
504,Male,8507,1962,62
505,Female,8532,1951,73
506,Male,8507,1968,56
507,Male,8507,1975,49
508,Male,8507,1954,70
509,Male,8507,1954,70
510,Female,8532,1954,70
511,Male,8507,1990,34
512,Male,8507,1973,51
513,Female,8532,1960,64
514,Male,8507,1976,48
515,Male,8507,1973,51
516,Female,8532,1967,57
517,Male,8507,1974,50
518,Female,8532,1986,38
519,Male,8507,1945,79
520,Male,8507,1980,44
521,Male,8507,1950,74
522,Female,8532,1975,49
523,Female,8532,1958,66
524,Male,8507,1964,60
525,Female,8532,1965,59
526,Female,8532,1984,40
527,Male,8507,1987,37
528,Female,8532,1953,71
529,Male,8507,1953,71
530,Male,8507,1945,79
531,Male,8507,1973,51
532,Female,8532,1992,32
533,Female,8532,1965,59
534,Male,8507,1983,41
535,Male,8507,1985,39
536,Female,8532,1947,77
537,Female,8532,1947,77
538,Female,8532,1946,78
539,Male,8507,1949,75
540,Male,8507,1965,59
541,Female,8532,1957,67
542,Male,8507,1977,47
543,Male,8507,1994,30
544,Male,8507,1954,70
545,Female,8532,1957,67
546,Female,8532,1954,70
547,Male,8507,1945,79
548,Male,8507,1977,47
549,Male,8507,1994,30
550,Female,8532,1949,75
551,Female,8532,1964,60
552,Female,8532,1988,36
553,Male,8507,1956,68
554,Female,8532,1985,39
555,Female,8532,1981,43
556,Female,8532,1951,73
557,Male,8507,1953,71
558,Female,8532,1967,57
559,Female,8532,1982,42
560,Male,8507,1978,46
561,Male,8507,1945,79
562,Male,8507,1963,61
563,Female,8532,1965,59
564,Male,8507,1958,66
565,Female,8532,1992,32
566,Female,8532,1964,60
567,Male,8507,1972,52
568,Male,8507,1960,64
569,Male,8507,1960,64
570,Female,8532,1979,45
571,Male,8507,1965,59
572,Male,8507,1974,50
573,Female,8532,1994,30
574,Male,8507,1956,68
575,Male,8507,1970,54
576,Male,8507,1946,78
577,Female,8532,1966,58
578,Female,8532,1981,43
579,Female,8532,1971,53
580,Female,8532,1965,59
581,Male,8507,1983,41
582,Male,8507,1958,66
583,Male,8507,1954,70
584,Male,8507,1957,67
585,Male,8507,1947,77
586,Male,8507,1983,41
587,Female,8532,1987,37
588,Female,8532,1975,49
589,Female,8532,1990,34
590,Male,8507,1966,58
591,Female,8532,1967,57
592,Male,8507,1972,52
593,Female,8532,1992,32
594,Male,8507,1990,34
595,Male,8507,1964,60
596,Male,8507,1952,72
597,Male,8507,1976,48
598,Male,8507,1981,43
599,Female,8532,1959,65
600,Female,8532,1952,72
601,Male,8507,1980,44
602,Male,8507,1982,42
603,Female,8532,1994,30
604,Male,8507,1978,46
605,Female,8532,1988,36
606,Female,8532,1960,64
607,Female,8532,1954,70
608,Female,8532,1967,57
609,Female,8532,1964,60
610,Female,8532,1948,76
611,Female,8532,1950,74
612,Male,8507,1953,71
613,Male,8507,1976,48
614,Female,8532,1955,69
615,Female,8532,1979,45
616,Male,8507,1971,53
617,Female,8532,1966,58
618,Female,8532,1991,33
619,Male,8507,1989,35
620,Female,8532,1982,42
621,Female,8532,1993,31
622,Female,8532,1948,76
623,Female,8532,1946,78
624,Female,8532,1954,70
625,Female,8532,1987,37
626,Male,8507,1945,79
627,Male,8507,1953,71
628,Male,8507,1947,77
629,Female,8532,1951,73
630,Male,8507,1988,36
631,Female,8532,1945,79
632,Female,8532,1980,44
633,Female,8532,1984,40
634,Male,8507,1986,38
635,Female,8532,1972,52
636,Male,8507,1991,33
637,Male,8507,1972,52
638,Male,8507,1959,65
639,Male,8507,1978,46
640,Female,8532,1986,38
641,Female,8532,1986,38
642,Male,8507,1964,60
643,Male,8507,1948,76
644,Female,8532,1955,69
645,Male,8507,1972,52
646,Male,8507,1964,60
647,Female,8532,1979,45
648,Female,8532,1971,53
649,Male,8507,1968,56
650,Male,8507,1962,62
651,Female,8532,1947,77
652,Female,8532,1985,39
653,Female,8532,1973,51
654,Male,8507,1964,60
655,Female,8532,1975,49
656,Female,8532,1964,60
657,Male,8507,1972,52
658,Male,8507,1981,43
659,Male,8507,1970,54
660,Male,8507,1990,34
661,Male,8507,1970,54
662,Female,8532,1965,59
663,Female,8532,1962,62
664,Female,8532,1954,70
665,Male,8507,1980,44
666,Male,8507,1987,37
667,Male,8507,1957,67
668,Male,8507,1978,46
669,Female,8532,1959,65
670,Male,8507,1993,31
671,Female,8532,1983,41
672,Female,8532,1952,72
673,Male,8507,1955,69
674,Female,8532,1977,47
675,Female,8532,1964,60
676,Female,8532,1973,51
677,Female,8532,1954,70
678,Female,8532,1946,78
679,Male,8507,1965,59
680,Male,8507,1988,36
681,Female,8532,1994,30
682,Male,8507,1951,73
683,Female,8532,1984,40
684,Male,8507,1947,77
685,Female,8532,1984,40
686,Female,8532,1974,50
687,Female,8532,1967,57
688,Female,8532,1957,67
689,Female,8532,1954,70
690,Female,8532,1985,39
691,Female,8532,1953,71
692,Male,8507,1949,75
693,Male,8507,1945,79
694,Female,8532,1969,55
695,Female,8532,1966,58
696,Male,8507,1950,74
697,Male,8507,1953,71
698,Female,8532,1947,77
699,Female,8532,1987,37
700,Female,8532,1982,42
701,Female,8532,1954,70
702,Female,8532,1955,69
703,Female,8532,1960,64
704,Female,8532,1967,57
705,Female,8532,1967,57
706,Male,8507,1968,56
707,Female,8532,1969,55
708,Female,8532,1967,57
709,Female,8532,1967,57
710,Male,8507,1983,41
711,Female,8532,1967,57
712,Female,8532,1961,63
713,Male,8507,1986,38
714,Female,8532,1961,63
715,Female,8532,1979,45
716,Female,8532,1960,64
717,Female,8532,1965,59
718,Female,8532,1945,79
719,Female,8532,1989,35
720,Female,8532,1984,40
721,Male,8507,1980,44
722,Female,8532,1980,44
723,Male,8507,1980,44
724,Female,8532,1987,37
725,Male,8507,1974,50
726,Male,8507,1987,37
727,Female,8532,1953,71
728,Female,8532,1948,76
729,Male,8507,1979,45
730,Male,8507,1953,71
731,Female,8532,1971,53
732,Female,8532,1963,61
733,Female,8532,1947,77
734,Female,8532,1974,50
735,Female,8532,1949,75
736,Male,8507,1959,65
737,Female,8532,1972,52
738,Female,8532,1981,43
739,Male,8507,1967,57
740,Female,8532,1982,42
741,Male,8507,1967,57
742,Male,8507,1972,52
743,Female,8532,1955,69
744,Female,8532,1963,61
745,Female,8532,1975,49
746,Male,8507,1987,37
747,Female,8532,1984,40
748,Male,8507,1951,73
749,Female,8532,1988,36
750,Male,8507,1952,72
751,Male,8507,1991,33
752,Male,8507,1988,36
753,Male,8507,1962,62
754,Male,8507,1983,41
755,Female,8532,1984,40
756,Male,8507,1953,71
757,Female,8532,1985,39
758,Female,8532,1975,49
759,Male,8507,1966,58
760,Female,8532,1963,61
761,Female,8532,1950,74
762,Male,8507,1992,32
763,Male,8507,1990,34
764,Female,8532,1960,64
765,Female,8532,1989,35
766,Female,8532,1962,62
767,Male,8507,1946,78
768,Male,8507,1961,63
769,Female,8532,1985,39
770,Male,8507,1965,59
771,Male,8507,1981,43
772,Female,8532,1970,54
773,Female,8532,1949,75
774,Female,8532,1948,76
775,Male,8507,1993,31
776,Male,8507,1963,61
777,Male,8507,1982,42
778,Male,8507,1957,67
779,Male,8507,1978,46
780,Male,8507,1983,41
781,Female,8532,1973,51
782,Female,8532,1992,32
783,Male,8507,1959,65
784,Female,8532,1991,33
785,Male,8507,1964,60
786,Male,8507,1994,30
787,Female,8532,1955,69
788,Female,8532,1977,47
789,Female,8532,1984,40
790,Male,8507,1965,59
791,Male,8507,1974,50
792,Female,8532,1963,61
793,Male,8507,1979,45
794,Male,8507,1970,54
795,Female,8532,1971,53
796,Male,8507,1954,70
797,Female,8532,1947,77
798,Female,8532,1951,73
799,Female,8532,1971,53
800,Female,8532,1989,35
801,Female,8532,1974,50
802,Female,8532,1989,35
803,Female,8532,1978,46
804,Female,8532,1963,61
805,Male,8507,1950,74
806,Male,8507,1961,63
807,Male,8507,1970,54
808,Female,8532,1965,59
809,Male,8507,1982,42
810,Female,8532,1948,76
811,Female,8532,1972,52
812,Female,8532,1994,30
813,Female,8532,1982,42
814,Male,8507,1988,36
815,Female,8532,1981,43
816,Male,8507,1980,44
817,Male,8507,1960,64
818,Male,8507,1956,68
819,Male,8507,1966,58
820,Male,8507,1957,67
821,Female,8532,1953,71
822,Male,8507,1985,39
823,Female,8532,1969,55
824,Male,8507,1948,76
825,Female,8532,1963,61
826,Male,8507,1986,38
827,Female,8532,1953,71
828,Female,8532,1945,79
829,Female,8532,1958,66
830,Female,8532,1958,66
831,Male,8507,1987,37
832,Female,8532,1946,78
833,Female,8532,1945,79
834,Female,8532,1975,49
835,Female,8532,1974,50
836,Male,8507,1981,43
837,Male,8507,1960,64
838,Male,8507,1959,65
839,Male,8507,1993,31
840,Male,8507,1946,78
841,Female,8532,1990,34
842,Female,8532,1958,66
843,Female,8532,1977,47
844,Female,8532,1974,50
845,Female,8532,1956,68
846,Female,8532,1982,42
847,Female,8532,1985,39
848,Female,8532,1964,60
849,Female,8532,1960,64
850,Male,8507,1949,75
851,Male,8507,1981,43
852,Female,8532,1958,66
853,Female,8532,1953,71
854,Female,8532,1960,64
855,Male,8507,1988,36
856,Female,8532,1945,79
857,Female,8532,1956,68
858,Male,8507,1991,33
859,Female,8532,1960,64
860,Male,8507,1964,60
861,Male,8507,1946,78
862,Male,8507,1947,77
863,Male,8507,1988,36
864,Male,8507,1975,49
865,Female,8532,1980,44
866,Female,8532,1945,79
867,Female,8532,1977,47
868,Male,8507,1992,32
869,Female,8532,1974,50
870,Female,8532,1977,47
871,Female,8532,1954,70
872,Male,8507,1958,66
873,Female,8532,1968,56
874,Female,8532,1947,77
875,Female,8532,1947,77
876,Female,8532,1970,54
877,Female,8532,1986,38
878,Female,8532,1990,34
879,Female,8532,1960,64
880,Male,8507,1979,45
881,Female,8532,1971,53
882,Male,8507,1980,44
883,Male,8507,1978,46
884,Male,8507,1973,51
885,Female,8532,1990,34
886,Male,8507,1949,75
887,Male,8507,1994,30
888,Male,8507,1976,48
889,Male,8507,1976,48
890,Female,8532,1970,54
891,Male,8507,1969,55
892,Female,8532,1963,61
893,Female,8532,1986,38
894,Female,8532,1987,37
895,Female,8532,1990,34
896,Female,8532,1973,51
897,Male,8507,1955,69
898,Female,8532,1983,41
899,Female,8532,1990,34
900,Male,8507,1955,69
901,Female,8532,1962,62
902,Female,8532,1985,39
903,Male,8507,1987,37
904,Male,8507,1988,36
905,Male,8507,1969,55
906,Male,8507,1978,46
907,Female,8532,1956,68
908,Male,8507,1972,52
909,Male,8507,1973,51
910,Female,8532,1963,61
911,Male,8507,1954,70
912,Male,8507,1970,54
913,Male,8507,1962,62
914,Male,8507,1988,36
915,Male,8507,1978,46
916,Male,8507,1957,67
917,Female,8532,1959,65
918,Female,8532,1947,77
919,Male,8507,1951,73
920,Female,8532,1953,71
921,Female,8532,1961,63
922,Male,8507,1966,58
923,Female,8532,1988,36
924,Female,8532,1993,31
925,Male,8507,1950,74
926,Female,8532,1954,70
927,Female,8532,1994,30
928,Male,8507,1948,76
929,Male,8507,1990,34
930,Female,8532,1986,38
931,Female,8532,1982,42
932,Male,8507,1984,40
933,Male,8507,1980,44
934,Male,8507,1975,49
935,Female,8532,1989,35
936,Male,8507,1962,62
937,Female,8532,1951,73
938,Female,8532,1993,31
939,Female,8532,1967,57
940,Male,8507,1993,31
941,Female,8532,1991,33
942,Male,8507,1976,48
943,Male,8507,1974,50
944,Male,8507,1956,68
945,Female,8532,1974,50
946,Male,8507,1968,56
947,Male,8507,1973,51
948,Male,8507,1950,74
949,Male,8507,1994,30
950,Female,8532,1951,73
951,Male,8507,1951,73
952,Male,8507,1960,64
953,Female,8532,1990,34
954,Male,8507,1975,49
955,Female,8532,1994,30
956,Female,8532,1969,55
957,Male,8507,1989,35
958,Female,8532,1960,64
959,Male,8507,1992,32
960,Male,8507,1953,71
961,Female,8532,1952,72
962,Female,8532,1958,66
963,Female,8532,1977,47
964,Female,8532,1974,50
965,Male,8507,1971,53
966,Female,8532,1988,36
967,Female,8532,1987,37
968,Male,8507,1953,71
969,Female,8532,1973,51
970,Female,8532,1976,48
971,Female,8532,1968,56
972,Female,8532,1964,60
973,Female,8532,1986,38
974,Female,8532,1992,32
975,Female,8532,1977,47
976,Female,8532,1951,73
977,Female,8532,1991,33
978,Female,8532,1988,36
979,Female,8532,1983,41
980,Male,8507,1965,59
981,Male,8507,1991,33
982,Female,8532,1958,66
983,Male,8507,1985,39
984,Female,8532,1977,47
985,Male,8507,1950,74
986,Male,8507,1954,70
987,Female,8532,1947,77
988,Male,8507,1989,35
989,Female,8532,1977,47
990,Female,8532,1946,78
991,Female,8532,1971,53
992,Female,8532,1965,59
993,Female,8532,1976,48
994,Female,8532,1975,49
995,Female,8532,1980,44
996,Male,8507,1955,69
997,Female,8532,1985,39
998,Male,8507,1954,70
999,Male,8507,1974,50
1000,Female,8532,1960,64
